,home,away,value
0,0,0,5.695
1,0,1,2.0650000000000004
2,0,2,0.49
3,0,3,0.03
4,0,4,0.01
5,0,5,0.0
6,1,0,14.295
7,1,1,5.135
8,1,2,1.005
9,1,3,0.11
10,1,4,0.005
11,1,5,0.0
12,2,0,17.585
13,2,1,6.36
14,2,2,1.29
15,2,3,0.11
16,2,4,0.025
17,2,5,0.005
18,3,0,14.725
19,3,1,5.585
20,3,2,1.03
21,3,3,0.155
22,3,4,0.015
23,3,5,0.0
24,4,0,9.19
25,4,1,3.64
26,4,2,0.72
27,4,3,0.06
28,4,4,0.0
29,4,5,0.0
30,5,0,7.435
31,5,1,2.6950000000000003
32,5,2,0.47000000000000003
33,5,3,0.06
34,5,4,0.005
35,5,5,0.0
