,home,away,value
0,0,0,5.76
1,0,1,2.0549999999999997
2,0,2,0.385
3,0,3,0.075
4,0,4,0.0
5,0,5,14.085
6,1,0,5.41
7,1,1,0.9950000000000001
8,1,2,0.135
9,1,3,0.015
10,1,4,18.045
11,1,5,6.49
12,2,0,1.29
13,2,1,0.12
14,2,2,0.04
15,2,3,14.545
16,2,4,5.57
17,2,5,1.015
18,3,0,0.11499999999999999
19,3,1,0.0
20,3,2,9.26
21,3,3,3.225
22,3,4,0.54
23,3,5,0.065
24,4,0,0.005
25,4,1,7.39
26,4,2,2.74
27,4,3,0.585
28,4,4,0.045
29,4,5,0.0
30,5,0,0.0
31,5,1,0.0
32,5,2,0.0
33,5,3,0.0
34,5,4,0.0
35,5,5,0.0
